Id,NewActivityDate,DatOfWeek,TotalSteps,TotalDistance,VeryActiveMinutes,FairlyActiveMinutes,LightlyActiveMinutes,SedentaryMinutes,Calories,
1503960366,25/03/2016,Friday,11004,7.110000134,33,12,205,804,1819,0.5473483546
1503960366,26/03/2016,Saturday,17609,11.55000019,89,17,274,588,2154,0.5473483546
1503960366,27/03/2016,Sunday,12736,8.529999733,56,5,268,605,1944,0.5473483546
1503960366,28/03/2016,Monday,13231,8.930000305,39,20,224,1080,1932,0.5473483546
1503960366,29/03/2016,Tuesday,12041,7.849999905,28,28,243,763,1886,0.5473483546
1503960366,30/03/2016,Wednesday,10970,7.159999847,30,13,223,1174,1820,0.5473483546
1503960366,31/03/2016,Thursday,12256,7.860000134,33,12,239,820,1889,0.5473483546
1503960366,01/04/2016,Friday,12262,7.869999886,47,21,200,866,1868,0.5473483546
1503960366,02/04/2016,Saturday,11248,7.25,40,11,244,636,1843,0.5473483546
1503960366,03/04/2016,Sunday,10016,6.369999886,15,30,314,655,1850,0.5473483546
1503960366,04/04/2016,Monday,14557,9.800000191,43,18,285,757,2030,0.5473483546
1503960366,05/04/2016,Tuesday,14844,9.729999542,36,18,341,736,2083,0.5473483546
1503960366,06/04/2016,Wednesday,11974,7.670000076,27,12,228,1173,1861,0.5473483546
1503960366,07/04/2016,Thursday,10198,6.440000057,17,20,195,1208,1755,0.5473483546
1503960366,08/04/2016,Friday,12521,7.940000057,46,22,212,1160,1895,0.5473483546
1503960366,09/04/2016,Saturday,12432,8.100000381,32,15,248,738,1883,0.5473483546
1503960366,10/04/2016,Sunday,10057,6.980000019,44,13,168,737,1755,0.5473483546
1503960366,11/04/2016,Monday,10990,7.260000229,26,14,216,855,1811,0.5473483546
1624580081,25/03/2016,Friday,1810,1.179999948,0,0,121,1319,1373,0.5473483546
1624580081,26/03/2016,Saturday,815,0.5299999714,0,0,47,1393,1264,0.5473483546
1624580081,27/03/2016,Sunday,1985,1.289999962,0,0,112,1328,1350,0.5473483546
1624580081,28/03/2016,Monday,1905,1.24000001,0,0,95,1345,1342,0.5473483546
1624580081,29/03/2016,Tuesday,1552,1.00999999,0,0,66,1374,1300,0.5473483546
1624580081,30/03/2016,Wednesday,1675,1.090000033,0,0,84,1356,1313,0.5473483546
1624580081,31/03/2016,Thursday,4506,2.930000067,7,4,144,1285,1498,0.5473483546
1624580081,01/04/2016,Friday,9218,5.989999771,0,0,221,1219,1541,0.5473483546
1624580081,02/04/2016,Saturday,1556,1.00999999,0,0,88,1352,1327,0.5473483546
1624580081,03/04/2016,Sunday,2910,1.889999986,0,0,157,1283,1452,0.5473483546
1624580081,04/04/2016,Monday,18464,12,0,0,270,1170,1574,0.5473483546
1624580081,05/04/2016,Tuesday,1335,0.8700000048,0,0,74,1366,1308,0.5473483546
1624580081,06/04/2016,Wednesday,1004,0.6499999762,0,0,55,1385,1276,0.5473483546
1624580081,07/04/2016,Thursday,1111,0.7200000286,0,0,54,1386,1278,0.5473483546
1624580081,08/04/2016,Friday,6344,4.119999886,0,0,143,1297,1409,0.5473483546
1624580081,09/04/2016,Saturday,3572,2.319999933,0,0,122,1318,1370,0.5473483546
1624580081,10/04/2016,Sunday,3910,2.539999962,7,7,186,1240,1555,0.5473483546
1624580081,11/04/2016,Monday,10000,6.5,0,0,172,1268,1469,0.5473483546
1644430081,01/04/2016,Friday,4636,3.410000086,0,16,586,838,3323,0.5473483546
1644430081,02/04/2016,Saturday,20237,14.71000004,34,141,347,918,4029,0.5473483546
1644430081,03/04/2016,Sunday,12912,9.409999847,59,16,283,1082,3436,0.5473483546
1644430081,04/04/2016,Monday,2819,2.049999952,4,4,87,1345,2444,0.5473483546
1644430081,05/04/2016,Tuesday,9921,7.210000038,5,35,219,1181,3098,0.5473483546
1644430081,06/04/2016,Wednesday,8046,5.849999905,18,41,137,1244,2925,0.5473483546
1644430081,07/04/2016,Thursday,11166,8.119999886,3,58,230,1149,3202,0.5473483546
1644430081,08/04/2016,Friday,7842,5.699999809,7,43,161,1229,2928,0.5473483546
1644430081,09/04/2016,Saturday,13840,10.06000042,18,81,192,1149,3290,0.5473483546
1844505072,01/04/2016,Friday,6847,4.53000021,9,9,251,1171,1969,0.5473483546
1844505072,02/04/2016,Saturday,5367,3.549999952,0,0,263,1177,1889,0.5473483546
1844505072,03/04/2016,Sunday,2841,1.879999995,0,0,136,1114,1636,0.5473483546
1844505072,06/04/2016,Wednesday,7,0,0,0,1,1439,1349,0.5473483546
1844505072,07/04/2016,Thursday,6344,4.190000057,0,0,290,1150,1965,0.5473483546
1844505072,08/04/2016,Friday,5316,3.50999999,0,0,221,1219,1824,0.5473483546
1844505072,09/04/2016,Saturday,4979,3.289999962,0,0,184,620,1807,0.5473483546
1844505072,10/04/2016,Sunday,6556,4.340000153,0,0,305,810,1971,0.5473483546
1844505072,11/04/2016,Monday,5430,3.589999914,0,0,251,1189,1888,0.5473483546
1927972279,01/04/2016,Friday,4317,2.99000001,0,11,192,854,2590,0.5473483546
1927972279,02/04/2016,Saturday,5662,3.920000076,0,0,267,858,2783,0.5473483546
1927972279,03/04/2016,Sunday,3198,2.210000038,0,0,146,1183,2449,0.5473483546
1927972279,04/04/2016,Monday,2352,1.629999995,0,0,128,829,2380,0.5473483546
1927972279,05/04/2016,Tuesday,2234,1.549999952,0,0,108,912,2344,0.5473483546
1927972279,06/04/2016,Wednesday,1259,0.8700000048,0,0,73,938,2202,0.5473483546
1927972279,07/04/2016,Thursday,768,0.5299999714,0,0,43,1397,2130,0.5473483546
1927972279,08/04/2016,Friday,519,0.3600000143,0,0,34,1406,2088,0.5473483546
1927972279,09/04/2016,Saturday,2523,1.75,0,9,134,1250,2443,0.5473483546
1927972279,10/04/2016,Sunday,2105,1.460000038,0,0,139,805,2442,0.5473483546
1927972279,11/04/2016,Monday,1209,0.8399999738,0,0,73,842,2255,0.5473483546
1927972279,12/04/2016,Tuesday,24,0.01999999955,0,0,3,161,942,0.5473483546
2022484408,01/04/2016,Friday,13603,9.600000381,72,16,213,1139,2645,0.5473483546
2022484408,02/04/2016,Saturday,5477,3.839999914,0,0,237,1203,2040,0.5473483546
2022484408,03/04/2016,Sunday,11144,7.820000172,25,22,279,1114,2395,0.5473483546
2022484408,04/04/2016,Monday,15313,11,62,19,233,1126,2581,0.5473483546
2022484408,05/04/2016,Tuesday,10805,7.590000153,36,37,298,1069,2735,0.5473483546
2022484408,06/04/2016,Wednesday,15392,10.93000031,47,42,258,1093,2733,0.5473483546
2022484408,07/04/2016,Thursday,18247,13.82999992,72,62,252,1054,3021,0.5473483546
2022484408,08/04/2016,Friday,13023,9.260000229,40,12,296,1092,2577,0.5473483546
2022484408,09/04/2016,Saturday,16267,12.59000015,44,16,302,1078,2811,0.5473483546
2022484408,10/04/2016,Sunday,10005,7.019999981,1,23,339,1077,2458,0.5473483546
2022484408,11/04/2016,Monday,10106,7.090000153,41,16,272,1111,2568,0.5473483546
2022484408,12/04/2016,Tuesday,6717,4.71999979,41,5,67,551,1140,0.5473483546
2026352035,01/04/2016,Friday,2605,1.620000005,0,0,166,729,1407,0.5473483546
2026352035,02/04/2016,Saturday,1229,0.7599999905,0,0,69,795,1237,0.5473483546
2026352035,03/04/2016,Sunday,2308,1.429999948,0,0,115,720,1330,0.5473483546
2026352035,04/04/2016,Monday,6679,4.139999866,0,0,263,644,1583,0.5473483546
2026352035,05/04/2016,Tuesday,5645,3.5,0,0,248,621,1538,0.5473483546
2026352035,06/04/2016,Wednesday,3180,1.970000029,0,0,185,738,1421,0.5473483546
2026352035,07/04/2016,Thursday,2767,1.720000029,0,0,170,673,1392,0.5473483546
2026352035,08/04/2016,Friday,3762,2.329999924,0,0,173,719,1425,0.5473483546
2026352035,09/04/2016,Saturday,3098,1.919999957,0,0,185,700,1413,0.5473483546
2026352035,10/04/2016,Sunday,5142,3.190000057,0,0,230,654,1515,0.5473483546
2026352035,11/04/2016,Monday,3279,2.029999971,0,0,164,694,1405,0.5473483546
2026352035,12/04/2016,Tuesday,1019,0.6299999952,0,0,64,223,600,0.5473483546
2320127002,05/04/2016,Tuesday,4931,3.319999933,0,0,175,1265,1708,0.5473483546
2320127002,06/04/2016,Wednesday,6999,4.71999979,0,0,320,1120,1950,0.5473483546
2320127002,07/04/2016,Thursday,1846,1.24000001,0,0,93,1347,1508,0.5473483546
2320127002,08/04/2016,Friday,3417,2.299999952,0,0,153,1287,1625,0.5473483546
2320127002,09/04/2016,Saturday,4863,3.279999971,1,11,208,1220,1772,0.5473483546
2320127002,10/04/2016,Sunday,2277,1.529999971,0,0,103,1337,1530,0.5473483546
2320127002,11/04/2016,Monday,11230,7.670000076,10,2,390,1038,2206,0.5473483546
2320127002,12/04/2016,Tuesday,2098,1.409999967,0,0,69,617,790,0.5473483546
2347167796,29/03/2016,Tuesday,10272,6.789999962,2,58,208,700,2041,0.5473483546
2347167796,30/03/2016,Wednesday,10533,7.099999905,21,35,255,615,2187,0.5473483546
2347167796,31/03/2016,Thursday,6760,4.46999979,0,0,250,613,1929,0.5473483546
2347167796,01/04/2016,Friday,8328,5.510000229,0,33,212,804,1935,0.5473483546
2347167796,02/04/2016,Saturday,15459,10.22000027,51,16,327,583,2438,0.5473483546
2347167796,03/04/2016,Sunday,7485,4.949999809,0,0,324,491,2035,0.5473483546
2347167796,04/04/2016,Monday,10254,6.800000191,21,25,231,638,2099,0.5473483546
2347167796,05/04/2016,Tuesday,10114,6.820000172,18,9,269,696,2096,0.5473483546
2347167796,06/04/2016,Wednesday,11107,7.340000153,14,46,196,759,2058,0.5473483546
2347167796,07/04/2016,Thursday,10320,6.849999905,15,32,315,1002,2338,0.5473483546
2347167796,08/04/2016,Friday,10209,6.75,2,6,316,711,2104,0.5473483546
2347167796,09/04/2016,Saturday,16081,10.63000011,16,32,401,970,2488,0.5473483546
2347167796,10/04/2016,Sunday,10078,6.829999924,12,3,303,463,2164,0.5473483546
2347167796,11/04/2016,Monday,10001,6.610000134,5,52,196,788,2009,0.5473483546
2873212765,01/04/2016,Friday,890,0.6000000238,0,0,41,1399,1335,0.5473483546
2873212765,02/04/2016,Saturday,2214,1.49000001,0,0,197,1243,1559,0.5473483546
2873212765,03/04/2016,Sunday,7640,5.130000114,3,15,315,1107,1845,0.5473483546
2873212765,04/04/2016,Monday,9713,6.53000021,6,24,355,1055,2046,0.5473483546
2873212765,05/04/2016,Tuesday,8432,5.670000076,0,0,374,1066,1953,0.5473483546
2873212765,06/04/2016,Wednesday,7350,4.940000057,0,0,382,1058,1910,0.5473483546
2873212765,07/04/2016,Thursday,9353,6.309999943,5,17,363,1055,2035,0.5473483546
2873212765,08/04/2016,Friday,7157,4.809999943,0,0,380,1060,1944,0.5473483546
2873212765,09/04/2016,Saturday,14103,9.56000042,46,8,288,1098,2257,0.5473483546
2873212765,10/04/2016,Sunday,5290,3.549999952,1,8,251,1180,1724,0.5473483546
2873212765,11/04/2016,Monday,7497,5.039999962,0,0,357,882,1741,0.5473483546
2891001357,02/04/2016,Saturday,4126,3.220000029,0,0,720,720,2881,0.5473483546
2891001357,05/04/2016,Tuesday,2063,1.610000014,0,0,630,99,1144,0.5473483546
3372868164,01/04/2016,Friday,5785,3.950000048,0,0,311,1129,1852,0.5473483546
3372868164,02/04/2016,Saturday,7625,5.230000019,24,1,341,1074,2069,0.5473483546
3372868164,03/04/2016,Sunday,4706,3.210000038,0,0,299,1141,1816,0.5473483546
3372868164,04/04/2016,Monday,5861,4.019999981,20,7,233,1180,1878,0.5473483546
3372868164,05/04/2016,Tuesday,4460,3.039999962,0,0,248,1192,1787,0.5473483546
3372868164,06/04/2016,Wednesday,6406,4.389999866,17,4,325,1094,2010,0.5473483546
3372868164,07/04/2016,Thursday,7392,5.099999905,14,9,332,1085,2038,0.5473483546
3372868164,08/04/2016,Friday,5551,3.789999962,0,0,282,1158,1815,0.5473483546
3372868164,09/04/2016,Saturday,8827,6.25,21,10,346,1063,2062,0.5473483546
3372868164,10/04/2016,Sunday,4662,3.180000067,22,4,152,735,1276,0.5473483546
3977333714,01/04/2016,Friday,4499,3.00999999,0,0,168,842,1288,0.5473483546
3977333714,02/04/2016,Saturday,7618,5.099999905,0,6,302,842,1490,0.5473483546
3977333714,03/04/2016,Sunday,11508,7.699999809,29,22,282,748,1630,0.5473483546
3977333714,04/04/2016,Monday,11943,7.989999771,16,43,297,710,1648,0.5473483546
3977333714,05/04/2016,Tuesday,12303,8.229999542,26,32,291,605,1649,0.5473483546
3977333714,06/04/2016,Wednesday,15425,10.31999969,24,45,331,614,1783,0.5473483546
3977333714,07/04/2016,Thursday,8422,5.630000114,0,81,139,815,1431,0.5473483546
3977333714,08/04/2016,Friday,10226,6.840000153,0,101,174,685,1524,0.5473483546
3977333714,09/04/2016,Saturday,14583,9.760000229,35,36,254,697,1697,0.5473483546
3977333714,10/04/2016,Sunday,3573,2.390000105,15,8,99,866,1232,0.5473483546
3977333714,11/04/2016,Monday,3108,2.140000105,1,1,129,894,1223,0.5473483546
4020332650,12/03/2016,Saturday,5543,3.970000029,0,0,254,757,2990,0.5473483546
4020332650,13/03/2016,Sunday,3226,2.309999943,0,0,136,771,2480,0.5473483546
4020332650,14/03/2016,Monday,3023,2.170000076,0,0,145,1005,2570,0.5473483546
4020332650,15/03/2016,Tuesday,5906,4.230000019,0,10,215,874,3016,0.5473483546
4020332650,16/03/2016,Wednesday,12483,8.989999771,25,14,309,599,3830,0.5473483546
4020332650,17/03/2016,Thursday,8940,6.409999847,0,0,47,986,3706,0.5473483546
4020332650,18/03/2016,Friday,368,0.2599999905,0,0,0,1440,2024,0.5473483546
4020332650,19/03/2016,Saturday,5702,4.090000153,0,0,0,1440,2980,0.5473483546
4020332650,20/03/2016,Sunday,10330,7.409999847,0,0,0,1440,3728,0.5473483546
4020332650,21/03/2016,Monday,8778,6.289999962,0,0,0,1440,3348,0.5473483546
4020332650,22/03/2016,Tuesday,6662,4.78000021,0,0,0,1440,3162,0.5473483546
4020332650,23/03/2016,Wednesday,6309,4.519999981,0,0,0,1440,3140,0.5473483546
4020332650,24/03/2016,Thursday,1951,1.409999967,0,0,0,1440,1980,0.5473483546
4020332650,25/03/2016,Friday,5563,3.99000001,0,0,0,1440,3681,0.5473483546
4020332650,26/03/2016,Saturday,4370,3.130000114,0,0,0,1440,3444,0.5473483546
4020332650,27/03/2016,Sunday,7144,5.119999886,0,0,0,1440,3510,0.5473483546
4020332650,28/03/2016,Monday,2106,1.50999999,31,45,75,1289,4010,0.5473483546
4020332650,29/03/2016,Tuesday,4152,2.980000019,0,0,187,1253,2976,0.5473483546
4020332650,30/03/2016,Wednesday,5400,3.869999886,0,0,258,795,3418,0.5473483546
4020332650,31/03/2016,Thursday,7428,5.329999924,18,33,261,860,3439,0.5473483546
4020332650,01/04/2016,Friday,5351,3.839999914,15,17,210,748,3338,0.5473483546
4020332650,02/04/2016,Saturday,4299,3.099999905,3,15,162,752,2892,0.5473483546
4020332650,03/04/2016,Sunday,6107,4.380000114,0,0,265,776,3313,0.5473483546
4020332650,04/04/2016,Monday,6429,4.599999905,0,28,193,741,3118,0.5473483546
4020332650,05/04/2016,Tuesday,6880,4.929999828,7,19,165,1249,2966,0.5473483546
4020332650,06/04/2016,Wednesday,7476,5.360000134,0,0,263,920,3253,0.5473483546
4020332650,07/04/2016,Thursday,6581,4.71999979,0,8,241,1191,3032,0.5473483546
4020332650,08/04/2016,Friday,10480,7.510000229,6,37,272,1125,4034,0.5473483546
4020332650,09/04/2016,Saturday,7734,5.550000191,20,12,223,1185,3264,0.5473483546
4020332650,10/04/2016,Sunday,5129,3.680000067,5,7,176,1178,2817,0.5473483546
4020332650,11/04/2016,Monday,2993,2.150000095,0,0,114,888,2507,0.5473483546
4057192912,14/03/2016,Monday,8433,6.230000019,30,7,135,1268,2453,0.5473483546
4057192912,16/03/2016,Wednesday,2139,1.559999943,0,28,15,1397,1935,0.5473483546
4057192912,18/03/2016,Friday,949,0.6899999976,0,0,34,1406,1870,0.5473483546
4057192912,20/03/2016,Sunday,44,0.02999999933,0,0,2,1438,1782,0.5473483546
4057192912,21/03/2016,Monday,2660,1.940000057,0,0,46,1394,1978,0.5473483546
4057192912,22/03/2016,Tuesday,5561,4.190000057,0,0,169,1271,2296,0.5473483546
4057192912,23/03/2016,Wednesday,7239,5.340000153,7,7,190,1236,2484,0.5473483546
4057192912,24/03/2016,Thursday,7,0.009999999776,0,0,1,1439,1787,0.5473483546
4057192912,27/03/2016,Sunday,2275,1.679999948,0,0,86,1354,2005,0.5473483546
4057192912,28/03/2016,Monday,8,0.009999999776,0,0,1,1439,1778,0.5473483546
4057192912,29/03/2016,Tuesday,5137,3.75999999,0,0,160,1280,2293,0.5473483546
4057192912,30/03/2016,Wednesday,5419,4,0,0,145,1295,2259,0.5473483546
4057192912,06/04/2016,Wednesday,18,0.009999999776,0,0,2,1438,1780,0.5473483546
4057192912,07/04/2016,Thursday,4,0,0,0,1,1439,1778,0.5473483546
4057192912,08/04/2016,Friday,8426,6.159999847,2,120,25,1293,2360,0.5473483546
4057192912,09/04/2016,Saturday,1650,1.210000038,0,0,60,1380,1952,0.5473483546
4057192912,10/04/2016,Sunday,3434,2.50999999,1,7,108,1324,2101,0.5473483546
4057192912,11/04/2016,Monday,6801,4.980000019,0,0,193,1247,2393,0.5473483546
4057192912,12/04/2016,Tuesday,187,0.1400000006,0,0,11,400,538,0.5473483546
4319703577,29/03/2016,Tuesday,5643,3.789999962,3,8,199,683,1958,0.5473483546
4319703577,30/03/2016,Wednesday,9043,6.070000172,4,12,244,702,2141,0.5473483546
4319703577,31/03/2016,Thursday,8144,5.460000038,4,17,247,1125,2129,0.5473483546
4319703577,01/04/2016,Friday,9343,6.269999981,14,20,268,654,2216,0.5473483546
4319703577,02/04/2016,Saturday,8405,5.659999847,15,4,257,621,2154,0.5473483546
4319703577,03/04/2016,Sunday,8223,5.519999981,12,37,257,551,2178,0.5473483546
4319703577,04/04/2016,Monday,10067,6.760000229,5,39,313,578,2308,0.5473483546
4319703577,05/04/2016,Tuesday,8359,5.630000114,3,14,311,638,2201,0.5473483546
4319703577,06/04/2016,Wednesday,10946,7.349999905,8,51,308,569,2341,0.5473483546
4319703577,07/04/2016,Thursday,9130,6.150000095,7,11,304,668,2236,0.5473483546
4319703577,08/04/2016,Friday,6544,4.409999847,4,6,276,1132,2069,0.5473483546
4445114986,29/03/2016,Tuesday,2303,1.549999952,0,0,155,807,2010,0.5473483546
4445114986,30/03/2016,Wednesday,2600,1.74000001,0,0,163,1277,2032,0.5473483546
4445114986,31/03/2016,Thursday,4804,3.220000029,0,0,238,786,2227,0.5473483546
4445114986,01/04/2016,Friday,3271,2.190000057,0,0,205,898,2133,0.5473483546
4445114986,02/04/2016,Saturday,5406,3.630000114,0,0,273,672,2317,0.5473483546
4445114986,03/04/2016,Sunday,3146,2.109999895,0,0,171,1269,2058,0.5473483546
4445114986,04/04/2016,Monday,2422,1.629999995,0,0,110,1330,1935,0.5473483546
4445114986,05/04/2016,Tuesday,4239,2.839999914,1,6,235,702,2217,0.5473483546
4445114986,06/04/2016,Wednesday,6911,4.78000021,28,2,215,745,2374,0.5473483546
4445114986,07/04/2016,Thursday,6667,4.610000134,24,1,208,939,2335,0.5473483546
4445114986,08/04/2016,Friday,5543,3.720000029,0,0,266,941,2303,0.5473483546
4445114986,09/04/2016,Saturday,4195,2.809999943,0,0,239,758,2210,0.5473483546
4445114986,10/04/2016,Sunday,6625,4.449999809,0,0,316,755,2424,0.5473483546
4445114986,11/04/2016,Monday,5986,4.130000114,23,5,195,789,2297,0.5473483546
4445114986,12/04/2016,Tuesday,278,0.1899999976,0,0,20,253,745,0.5473483546
4558609924,01/04/2016,Friday,5336,3.529999971,0,0,258,1182,1902,0.5473483546
4558609924,02/04/2016,Saturday,3183,2.099999905,0,0,173,1180,1680,0.5473483546
4558609924,03/04/2016,Sunday,6176,4.079999924,1,7,269,886,1901,0.5473483546
4558609924,04/04/2016,Monday,8205,5.420000076,0,0,367,1073,2078,0.5473483546
4558609924,05/04/2016,Tuesday,6799,4.489999771,24,14,185,1217,1876,0.5473483546
4558609924,06/04/2016,Wednesday,5668,3.75,0,0,259,1181,1853,0.5473483546
4558609924,07/04/2016,Thursday,7998,5.289999962,27,12,296,1105,2235,0.5473483546
4558609924,08/04/2016,Friday,4195,2.769999981,0,0,241,1199,1778,0.5473483546
4558609924,09/04/2016,Saturday,5512,3.640000105,0,0,276,1164,1882,0.5473483546
4558609924,10/04/2016,Sunday,6263,4.139999866,0,0,290,1150,1906,0.5473483546
4558609924,11/04/2016,Monday,8828,5.840000153,0,0,308,1132,2149,0.5473483546
4558609924,12/04/2016,Tuesday,1260,0.8299999833,0,0,76,555,722,0.5473483546
4702921684,29/03/2016,Tuesday,6506,5.28000021,4,5,241,760,2886,0.5473483546
4702921684,30/03/2016,Wednesday,7583,6.150000095,3,13,227,742,2915,0.5473483546
4702921684,31/03/2016,Thursday,6963,5.650000095,0,0,256,759,2895,0.5473483546
4702921684,01/04/2016,Friday,7165,5.809999943,0,9,248,708,2923,0.5473483546
4702921684,02/04/2016,Saturday,10328,8.380000114,0,32,367,475,3323,0.5473483546
4702921684,03/04/2016,Sunday,12116,9.829999924,3,57,323,471,3357,0.5473483546
4702921684,04/04/2016,Monday,7810,6.360000134,6,27,216,746,2931,0.5473483546
4702921684,05/04/2016,Tuesday,6670,5.409999847,15,16,199,770,2848,0.5473483546
4702921684,06/04/2016,Wednesday,7605,6.179999828,4,4,248,708,2943,0.5473483546
4702921684,07/04/2016,Thursday,6585,5.340000153,0,0,210,770,2822,0.5473483546
4702921684,08/04/2016,Friday,8184,6.639999866,0,15,247,808,2981,0.5473483546
4702921684,09/04/2016,Saturday,14002,11.35999966,8,56,381,407,3597,0.5473483546
4702921684,10/04/2016,Sunday,11135,9.029999733,1,25,331,528,3224,0.5473483546
4702921684,11/04/2016,Monday,6499,5.269999981,0,0,207,809,2677,0.5473483546
5553957443,01/04/2016,Friday,12409,8.100000381,51,12,235,782,2142,0.5473483546
5553957443,02/04/2016,Saturday,2937,1.919999957,0,0,181,356,1615,0.5473483546
5553957443,03/04/2016,Sunday,1515,0.9900000095,0,0,93,507,1481,0.5473483546
5553957443,04/04/2016,Monday,8921,5.880000114,27,8,198,754,1892,0.5473483546
5553957443,05/04/2016,Tuesday,11306,7.380000114,40,26,218,772,2086,0.5473483546
5553957443,06/04/2016,Wednesday,12252,8,33,28,229,745,2044,0.5473483546
5553957443,07/04/2016,Thursday,15444,10.07999992,51,39,243,731,2249,0.5473483546
5553957443,08/04/2016,Friday,9938,6.489999771,38,24,193,767,2019,0.5473483546
5553957443,09/04/2016,Saturday,4599,3,0,0,176,578,1692,0.5473483546
5553957443,10/04/2016,Sunday,5594,3.650000095,4,25,150,552,1712,0.5473483546
5553957443,11/04/2016,Monday,11906,7.769999981,32,27,234,688,2065,0.5473483546
5553957443,12/04/2016,Tuesday,3436,2.24000001,7,11,50,61,633,0.5473483546
5577150313,01/04/2016,Friday,10461,7.869999886,99,31,142,721,3625,0.5473483546
5577150313,02/04/2016,Saturday,14873,11.10999966,202,36,153,663,4430,0.5473483546
5577150313,03/04/2016,Sunday,9917,7.409999847,58,27,240,700,3427,0.5473483546
5577150313,04/04/2016,Monday,7401,5.559999943,70,19,204,689,3492,0.5473483546
5577150313,05/04/2016,Tuesday,8964,6.699999809,107,18,145,756,3597,0.5473483546
5577150313,06/04/2016,Wednesday,11080,8.300000191,83,52,190,695,3765,0.5473483546
5577150313,07/04/2016,Thursday,4499,3.359999895,31,11,146,756,2775,0.5473483546
5577150313,08/04/2016,Friday,4363,3.25999999,8,2,156,813,2486,0.5473483546
5577150313,09/04/2016,Saturday,10494,7.840000153,123,62,138,601,3817,0.5473483546
5577150313,10/04/2016,Sunday,9776,7.380000114,80,35,162,721,3378,0.5473483546
5577150313,11/04/2016,Monday,2862,2.140000105,39,17,54,209,1511,0.5473483546
6117666160,01/04/2016,Friday,7444,5.619999886,0,0,286,568,2210,0.5473483546
6117666160,02/04/2016,Saturday,19658,14.84000015,3,30,475,466,2884,0.5473483546
6117666160,04/04/2016,Monday,8468,6.389999866,2,11,279,1148,2262,0.5473483546
6117666160,05/04/2016,Tuesday,9910,7.480000019,0,0,384,990,2445,0.5473483546
6117666160,06/04/2016,Wednesday,12409,9.369999886,0,0,491,388,2694,0.5473483546
6117666160,07/04/2016,Thursday,4853,3.660000086,0,0,156,770,1903,0.5473483546
6117666160,08/04/2016,Friday,8955,6.760000229,0,0,422,1018,2482,0.5473483546
6117666160,09/04/2016,Saturday,10789,8.149999619,0,0,506,413,2617,0.5473483546
6290855005,01/04/2016,Friday,6633,5.010000229,0,0,280,1160,2778,0.5473483546
6290855005,02/04/2016,Saturday,9548,7.21999979,25,107,113,1195,3119,0.5473483546
6391747486,02/04/2016,Saturday,2101,2.029999971,46,0,0,1394,2224,0.5473483546
6391747486,05/04/2016,Tuesday,9766,7.510000229,0,6,301,1133,2442,0.5473483546
6391747486,06/04/2016,Wednesday,165,0.1299999952,0,0,8,1432,1849,0.5473483546
6775888955,01/04/2016,Friday,7225,5.179999828,25,50,163,1189,3065,0.5473483546
6775888955,02/04/2016,Saturday,1988,1.429999948,0,0,79,909,2207,0.5473483546
6775888955,03/04/2016,Sunday,1577,1.129999995,1,17,8,1414,1977,0.5473483546
6775888955,05/04/2016,Tuesday,9348,6.699999809,56,133,240,1011,4286,0.5473483546
6775888955,06/04/2016,Wednesday,11761,8.430000305,24,99,300,550,3920,0.5473483546
6775888955,07/04/2016,Thursday,13987,10.02999973,46,114,250,739,3856,0.5473483546
6775888955,08/04/2016,Friday,4131,2.960000038,27,30,75,1308,2584,0.5473483546
6775888955,09/04/2016,Saturday,14,0.009999999776,0,0,1,601,787,0.5473483546
6962181067,30/03/2016,Wednesday,15491,10.23999977,18,77,272,641,2244,0.5473483546
6962181067,31/03/2016,Thursday,14097,9.319999695,50,32,234,595,2188,0.5473483546
6962181067,01/04/2016,Friday,10467,6.980000019,9,45,252,602,2014,0.5473483546
6962181067,02/04/2016,Saturday,12437,8.300000191,50,24,219,732,2115,0.5473483546
6962181067,03/04/2016,Sunday,12307,8.140000343,14,51,218,589,2055,0.5473483546
6962181067,04/04/2016,Monday,18952,12.80000019,73,20,327,570,2437,0.5473483546
6962181067,05/04/2016,Tuesday,12010,7.940000057,38,17,287,692,2158,0.5473483546
6962181067,06/04/2016,Wednesday,12480,8.859999657,55,14,276,593,2170,0.5473483546
6962181067,07/04/2016,Thursday,13417,9.649999619,45,16,284,665,2244,0.5473483546
6962181067,08/04/2016,Friday,14400,10.88000011,27,37,276,697,2188,0.5473483546
6962181067,09/04/2016,Saturday,12495,8.260000229,33,19,324,609,2231,0.5473483546
6962181067,10/04/2016,Sunday,10148,6.710000038,19,7,306,679,2100,0.5473483546
6962181067,11/04/2016,Monday,12362,9.090000153,21,38,297,678,2188,0.5473483546
6962181067,12/04/2016,Tuesday,5893,3.900000095,43,9,48,146,917,0.5473483546
7007744171,01/04/2016,Friday,11680,9.06000042,50,7,244,1139,2573,0.5473483546
7007744171,02/04/2016,Saturday,10976,7.340000153,9,16,271,1075,2575,0.5473483546
7007744171,03/04/2016,Sunday,16806,11.23999977,104,31,230,1002,3086,0.5473483546
7007744171,04/04/2016,Monday,15266,11.39999962,70,21,292,1057,2886,0.5473483546
7007744171,05/04/2016,Tuesday,12084,9.140000343,50,6,284,1030,2676,0.5473483546
7007744171,06/04/2016,Wednesday,13513,10.25,64,8,270,1098,2811,0.5473483546
7007744171,07/04/2016,Thursday,14100,10.57999992,61,33,265,1015,2840,0.5473483546
7007744171,08/04/2016,Friday,12627,9.649999619,54,22,301,1063,2871,0.5473483546
7007744171,09/04/2016,Saturday,10345,6.920000076,2,6,358,1074,2613,0.5473483546
7007744171,10/04/2016,Sunday,10146,6.789999962,1,12,397,1030,2700,0.5473483546
7007744171,11/04/2016,Monday,12168,8.140000343,18,27,375,1020,2871,0.5473483546
7007744171,12/04/2016,Tuesday,7413,5.769999981,53,6,43,405,1023,0.5473483546
7086361926,01/04/2016,Friday,11463,7.670000076,38,30,154,777,2496,0.5473483546
7086361926,02/04/2016,Saturday,87,0.01999999955,0,0,2,872,1641,0.5473483546
7086361926,03/04/2016,Sunday,1949,1.309999943,3,6,27,1404,1794,0.5473483546
7086361926,04/04/2016,Monday,6101,3.869999886,31,24,138,1247,2421,0.5473483546
7086361926,05/04/2016,Tuesday,7478,4.989999771,25,33,132,1159,2439,0.5473483546
7086361926,06/04/2016,Wednesday,7352,4.730000019,19,14,124,814,2233,0.5473483546
7086361926,07/04/2016,Thursday,14604,10.81999969,76,30,127,695,2862,0.5473483546
7086361926,08/04/2016,Friday,9634,6.519999981,50,48,140,797,2752,0.5473483546
7086361926,09/04/2016,Saturday,7338,4.670000076,27,5,204,717,2519,0.5473483546
7086361926,10/04/2016,Sunday,569,0.349999994,0,0,27,1368,1799,0.5473483546
7086361926,11/04/2016,Monday,6242,3.920000076,46,22,126,741,2543,0.5473483546
7086361926,12/04/2016,Tuesday,430,0.2599999905,0,0,14,75,625,0.5473483546
8053475328,02/04/2016,Saturday,20188,15.61999989,124,19,172,1125,3377,0.5473483546
8053475328,03/04/2016,Sunday,25701,20.13999939,165,36,97,1142,3697,0.5473483546
8053475328,04/04/2016,Monday,17395,13.21000004,100,4,213,1123,3209,0.5473483546
8053475328,05/04/2016,Tuesday,17167,13.40999985,98,8,184,1150,3167,0.5473483546
8053475328,06/04/2016,Wednesday,16435,12.42000008,100,14,191,1135,3122,0.5473483546
8053475328,07/04/2016,Thursday,17078,13.19999981,101,6,190,1143,3176,0.5473483546
8053475328,08/04/2016,Friday,11693,9.539999962,60,6,153,1221,2790,0.5473483546
8053475328,09/04/2016,Saturday,11159,9.140000343,59,6,120,1255,2715,0.5473483546
8053475328,10/04/2016,Sunday,10118,7.730000019,30,18,207,1185,2684,0.5473483546
8053475328,11/04/2016,Monday,16064,12.72000027,96,8,155,1181,3097,0.5473483546
8053475328,12/04/2016,Tuesday,290,0.2099999934,0,0,16,599,791,0.5473483546
8253242879,06/04/2016,Wednesday,1931,1.279999971,0,0,94,1346,1607,0.5473483546
8253242879,07/04/2016,Thursday,5181,3.420000076,15,15,107,1303,1776,0.5473483546
8253242879,08/04/2016,Friday,12026,9.149999619,47,13,150,1230,2162,0.5473483546
8253242879,09/04/2016,Saturday,5360,3.539999962,8,28,148,1256,1832,0.5473483546
8253242879,10/04/2016,Sunday,2545,1.679999948,0,0,126,1314,1657,0.5473483546
8253242879,11/04/2016,Monday,1636,1.080000043,0,0,86,1139,1377,0.5473483546
8378563200,01/04/2016,Friday,14179,11.23999977,73,21,195,719,3669,0.5473483546
8378563200,02/04/2016,Saturday,3358,2.660000086,0,0,144,657,2702,0.5473483546
8378563200,03/04/2016,Sunday,9152,7.260000229,25,13,243,600,3304,0.5473483546
8378563200,04/04/2016,Monday,13935,11.05000019,105,16,220,658,4234,0.5473483546
8378563200,05/04/2016,Tuesday,12846,10.18999958,113,15,189,686,4128,0.5473483546
8378563200,06/04/2016,Wednesday,9124,7.239999771,55,6,230,728,3798,0.5473483546
8378563200,07/04/2016,Thursday,9725,7.710000038,83,11,181,670,3839,0.5473483546
8378563200,08/04/2016,Friday,8350,6.619999886,72,10,167,868,3713,0.5473483546
8378563200,09/04/2016,Saturday,2240,1.779999971,0,0,110,843,2606,0.5473483546
8378563200,10/04/2016,Sunday,2631,2.089999914,0,0,117,727,2624,0.5473483546
8378563200,11/04/2016,Monday,8837,7.010000229,74,17,182,811,3775,0.5473483546
8378563200,12/04/2016,Tuesday,3246,2.569999933,65,15,49,243,1882,0.5473483546
8583815059,01/04/2016,Friday,2174,1.700000048,0,0,112,1328,2360,0.5473483546
8583815059,02/04/2016,Saturday,3494,2.730000019,0,0,166,1274,2517,0.5473483546
8583815059,03/04/2016,Sunday,2380,1.860000014,0,0,131,1309,2400,0.5473483546
8583815059,04/04/2016,Monday,3159,2.460000038,0,0,147,1293,2462,0.5473483546
8583815059,05/04/2016,Tuesday,6835,5.329999924,5,15,212,1208,2786,0.5473483546
8583815059,06/04/2016,Wednesday,2098,1.639999986,0,0,112,1328,2354,0.5473483546
8583815059,07/04/2016,Thursday,2816,2.200000048,0,0,138,1302,2437,0.5473483546
8583815059,08/04/2016,Friday,1408,1.100000024,0,0,79,1052,1814,0.5473483546
8792009665,01/04/2016,Friday,4592,2.940000057,4,8,176,748,2260,0.5473483546
8792009665,02/04/2016,Saturday,8452,5.409999847,9,24,328,1079,3004,0.5473483546
8792009665,03/04/2016,Sunday,7238,4.630000114,2,6,279,636,2667,0.5473483546
8792009665,04/04/2016,Monday,3821,2.450000048,0,9,161,675,2229,0.5473483546
8792009665,05/04/2016,Tuesday,2332,1.49000001,1,10,111,904,2100,0.5473483546
8792009665,06/04/2016,Wednesday,2121,1.360000014,0,0,122,855,2114,0.5473483546
8792009665,07/04/2016,Thursday,1291,0.8299999833,0,0,77,888,1961,0.5473483546
8792009665,08/04/2016,Friday,1467,0.9399999976,2,8,71,912,1953,0.5473483546
8792009665,09/04/2016,Saturday,1022,0.6499999762,0,0,63,739,1890,0.5473483546
8792009665,10/04/2016,Sunday,4605,2.950000048,0,0,179,1261,2253,0.5473483546
8792009665,11/04/2016,Monday,178,0.1099999994,0,0,12,1428,1725,0.5473483546
8792009665,12/04/2016,Tuesday,20,0.009999999776,0,0,6,598,728,0.5473483546
8877689391,01/04/2016,Friday,18700,15.81999969,67,3,247,1123,3527,0.5473483546
8877689391,02/04/2016,Saturday,27572,23.38999939,116,24,260,1040,4220,0.5473483546
8877689391,03/04/2016,Sunday,15260,8.18999958,106,17,259,1058,3864,0.5473483546
8877689391,04/04/2016,Monday,20779,18.40999985,78,16,208,1138,3662,0.5473483546
8877689391,05/04/2016,Tuesday,10695,8.119999886,10,3,246,1181,2834,0.5473483546
8877689391,06/04/2016,Wednesday,24136,20.90999985,87,16,318,1019,4039,0.5473483546
8877689391,07/04/2016,Thursday,10910,8.420000076,32,11,212,1185,2947,0.5473483546
8877689391,08/04/2016,Friday,23014,20.38999939,70,29,359,982,4196,0.5473483546
8877689391,09/04/2016,Saturday,16470,8.069999695,90,9,289,1052,3841,0.5473483546
8877689391,10/04/2016,Sunday,28497,27.53000069,128,46,211,1055,4526,0.5473483546
8877689391,11/04/2016,Monday,10622,8.06000042,18,7,225,1190,2820,0.5473483546
8877689391,12/04/2016,Tuesday,2350,1.779999971,0,0,58,531,938,0.5473483546
,,,,,,,,,,
AvgSteps,AvgCal,,AvgSedMins,AvgVeryActiveMins,,,,,,
7628.726343,2308.516624,,950.8439898,19.29411765,,,,,,